StoryTitle,StoryURL,StoryPublishDate,StoryCounty
Achieving Educational Excellence,https://www.dpi.nc.gov/blog/2025/08/20/achieving-educational-excellence,2025-08-20 00:00:00,
Producing Global Leaders Across Public Schools,https://www.dpi.nc.gov/blog/2025/08/26/producing-global-leaders-across-public-schools,2025-08-26 00:00:00,"Chatham, Onslow"
"NC’s Teacher of the Year is an AVID educator, advocate for rural schools and a Swiftie",https://www.dpi.nc.gov/blog/2025/08/28/ncs-teacher-year-avid-educator-advocate-rural-schools-and-swiftie,2025-08-28 00:00:00,Pitt
How NCDPI’s Office of Research & Promising Practices Turns Evidence into Action,https://www.dpi.nc.gov/blog/2025/09/17/how-ncdpis-office-research-promising-practices-turns-evidence-action,2025-09-17 00:00:00,
NCDPI Marks Attendance Awareness Month with Plan to Help Schools Reduce Chronic Absenteeism,https://www.dpi.nc.gov/blog/2025/09/23/ncdpi-marks-attendance-awareness-month-plan-help-schools-reduce-chronic-absenteeism,2025-09-23 00:00:00,
"One Year After Helene: Resilience, Step by Step",https://www.dpi.nc.gov/blog/2025/09/30/one-year-after-helene-resilience-step-step,2025-09-30 00:00:00,Haywood
One Year After Helene: From Checkmarks to Tomorrows,https://www.dpi.nc.gov/blog/2025/10/02/one-year-after-helene-checkmarks-tomorrows,2025-10-02 00:00:00,Buncombe
Meet North Carolina’s Principal of the Year,https://www.dpi.nc.gov/blog/2025/10/08/meet-north-carolinas-principal-year,2025-10-08 00:00:00,Orange
Celebrating CTE and Spotlighting Innovation in the Southeast,https://www.dpi.nc.gov/blog/2025/10/14/celebrating-cte-and-spotlighting-innovation-southeast,2025-10-14 00:00:00,"New Hanover, Carteret"
"This College Application Week, Direct Admission is Waiting for About 70,000 Students",https://www.dpi.nc.gov/blog/2025/10/16/college-application-week-direct-admission-waiting-about-70000-students,2025-10-16 00:00:00,
"Supporting Agriculture, Nutrition and Health",https://www.dpi.nc.gov/blog/2025/10/28/supporting-agriculture-nutrition-and-health,2025-10-28 00:00:00,
Exploring Endless Opportunities – and a Zoo School – in the Piedmont Triad,https://www.dpi.nc.gov/blog/2025/10/30/exploring-endless-opportunities-and-zoo-school-piedmont-triad,2025-10-30 00:00:00,"Davidson, Alamance-Burlington, Guilford"
Meet the High School Senior Helping Shape NC’s Education Policy,https://www.dpi.nc.gov/blog/2025/11/04/meet-high-school-senior-helping-shape-ncs-education-policy,2025-11-04 00:00:00,Wake
BCS Parent University Helps Families Learn the ABCs of School Operations,https://www.dpi.nc.gov/blog/2025/11/06/bcs-parent-university-helps-families-learn-abcs-school-operations,2025-11-06 00:00:00,Buncombe
The Northeast: Where Our Roots Run Deep,https://www.dpi.nc.gov/blog/2025/11/13/northeast-where-our-roots-run-deep,2025-11-13 00:00:00,"Pitt, Hertford, Perquimans"
Empowering Futures: Celebrating Career Development Month and North Carolina’s Career Development Coordinator Day,https://www.dpi.nc.gov/blog/2025/11/19/empowering-futures-celebrating-career-development-month-and-north-carolinas-career-developmentt,2025-11-19 00:00:00,
From Early College to Legal Intern,https://www.dpi.nc.gov/blog/2025/11/20/early-college-legal-intern,2025-11-20 00:00:00,Nash
Meet the State Superintendent’s Student Advisory Council,https://www.dpi.nc.gov/blog/2025/11/24/meet-state-superintendents-student-advisory-council,2025-11-24 00:00:00,
Student Media Spotlight: The Green Hope Falcon Soars to Great Heights,https://www.dpi.nc.gov/blog/2025/12/04/student-media-spotlight-green-hope-falcon-soars-great-heights,2025-12-04 00:00:00,Wake
Commitment and Culture Shine in the North Central Region,https://www.dpi.nc.gov/blog/2025/12/09/commitment-and-culture-shine-north-central-region,2025-12-09 00:00:00,"Edgecombe, Orange"
Sandhills Shines Through the Rain,https://www.dpi.nc.gov/blog/2025/12/11/sandhills-shines-through-rain,2025-12-11 00:00:00,"Columbus, Scotland, Richmond, Robeson"
Future Jr. Chefs: Five High School Teams Set to Compete in 2026 Competition,https://www.dpi.nc.gov/blog/2025/12/16/future-jr-chefs-five-high-school-teams-set-compete-2026-competition,2025-12-16 00:00:00,
Hands-On Bike Safety Brings Enka High and Enka Intermediate Students Together,https://www.dpi.nc.gov/blog/2025/12/17/hands-bike-safety-brings-enka-high-and-enka-intermediate-students-together,2025-12-17 00:00:00,Buncombe
Symbols of Resilience in the Northwest,https://www.dpi.nc.gov/blog/2025/12/19/symbols-resilience-northwest,2025-12-19 00:00:00,"Caldwell, Watauga, Mitchell "
2025 Points of Pride,https://www.dpi.nc.gov/blog/2025/12/23/2025-points-pride,2025-12-23 00:00:00,
2026 New Year's Resolutions,https://www.dpi.nc.gov/blog/2025/12/31/2026-new-years-resolutions,2025-12-31 00:00:00,
Celebrating Award-Winning School and Summer Nutrition Programs,https://www.dpi.nc.gov/blog/2026/01/08/celebrating-award-winning-school-and-summer-nutrition-programs,2026-01-08 00:00:00,
From Classroom to Community: A National History Teacher’s Journey,https://www.dpi.nc.gov/blog/2026/01/14/classroom-community-national-history-teachers-journey,2026-01-14 00:00:00,Rockingham
From Bus Driver to EC Teacher,https://www.dpi.nc.gov/blog/2026/01/20/bus-driver-ec-teacher,2026-01-20 00:00:00,Union
"Find Your Fit, Build Your Future in NC Public Schools",https://www.dpi.nc.gov/blog/2026/01/27/find-your-fit-build-your-future-nc-public-schools,2026-01-27 00:00:00,
